<?xml version="1.0" encoding="UTF-8" standalone="no" ?>
<Scenario xmlns="com:ara:pfc:training:1" xmlns:xsi="http://www.w3.org/2001/XMLSchema-instance" xsi:schemaLocation="com:ara:pfc:training:1 pfc_scenario_0.2.xsd">
  <author xmlns="">
    <first_name xmlns="">Lucas</first_name>
    <last_name xmlns="">Marin</last_name>
    <phone_number xmlns="">555-555-5555</phone_number>
    <email xmlns="">lmarin@ara.com</email>
    <zip xmlns="">27614</zip>
    <state xmlns="">North Carolina</state>
    <country xmlns="">United States</country>
  </author>
  <equipment xmlns="">
    <equipment xmlns="">
      <id xmlns="">Equipment_5</id>
      <name xmlns="">Antibiotics</name>
      <type xmlns="">1</type>
      <description xmlns="">Small Pills that make you feel better</description>
      <citations xmlns=""/>
      <image xmlns=""/>
      <properties xmlns=""/>
    </equipment>
    <equipment xmlns="">
      <id xmlns="">Equipment_3</id>
      <name xmlns="">Bandage</name>
      <type xmlns="">1</type>
      <description xmlns="">Medical Bandage material for sealing wounds</description>
      <citations xmlns="">
        <citation-ref xmlns="">Citation_1</citation-ref>
      </citations>
      <image xmlns=""/>
      <properties xmlns=""/>
    </equipment>
    <equipment xmlns="">
      <id xmlns="">Equipment_2</id>
      <name xmlns="">Difibulator</name>
      <type xmlns="">1</type>
      <description xmlns="">Those pads that bring you back to life</description>
      <citations xmlns="">
        <citation-ref xmlns="">Citation_1</citation-ref>
      </citations>
      <image xmlns=""/>
      <properties xmlns=""/>
    </equipment>
    <equipment xmlns="">
      <id xmlns="">Equipment_4</id>
      <name xmlns="">Tourniquet</name>
      <type xmlns="">1</type>
      <description xmlns="">Really strong quard for cutting off blood flow</description>
      <citations xmlns=""/>
      <image xmlns=""/>
      <properties xmlns=""/>
    </equipment>
    <equipment xmlns="">
      <id xmlns="">Equipment_1</id>
      <name xmlns="">Wound Packing Material</name>
      <type xmlns="">1</type>
      <description xmlns="">Medical Foam for WOund Packing</description>
      <citations xmlns="">
        <citation-ref xmlns="">Citation_1</citation-ref>
      </citations>
      <image xmlns=""/>
      <properties xmlns=""/>
    </equipment>
  </equipment>
  <trauma-definitions xmlns="">
    <trauma xmlns="">
      <id xmlns="">Injury_5</id>
      <common-name xmlns="">New Injury 6</common-name>
      <medical-name xmlns="">New Injury 6</medical-name>
      <citations xmlns=""/>
      <description xmlns="">New Injury 6</description>
      <severity-range xmlns="">
        <numeric-range xmlns="">
          <min xmlns="">0</min>
          <max xmlns="">0</max>
        </numeric-range>
      </severity-range>
    </trauma>
    <trauma xmlns="">
      <id xmlns="">Injury_4</id>
      <common-name xmlns="">Leg Break</common-name>
      <medical-name xmlns="">Simple Bone Fracture</medical-name>
      <citations xmlns="">
        <citation-ref xmlns="">Citation_1</citation-ref>
        <citation-ref xmlns="">Citation_1</citation-ref>
      </citations>
      <description xmlns="">When you talk to a cop wrong and he wants to handle your rear.</description>
      <severity-range xmlns="">
        <numeric-range xmlns="">
          <min xmlns="">5</min>
          <max xmlns="">10</max>
        </numeric-range>
      </severity-range>
    </trauma>
    <trauma xmlns="">
      <id xmlns="">Injury_1</id>
      <common-name xmlns="">Bullet Wound</common-name>
      <medical-name xmlns="">Simple Puncture Trauma by Forign Object</medical-name>
      <citations xmlns="">
        <citation-ref xmlns="">Citation_1</citation-ref>
      </citations>
      <description xmlns="">Clean puncture wound caused by a lead based object propelled by a gun powder excellerant.</description>
      <severity-range xmlns="">
        <numeric-range xmlns="">
          <min xmlns="">0</min>
          <max xmlns="">1</max>
        </numeric-range>
      </severity-range>
    </trauma>
    <trauma xmlns="">
      <id xmlns="">Injury_2</id>
      <common-name xmlns="">Skin Rash</common-name>
      <medical-name xmlns="">Skin Rash</medical-name>
      <citations xmlns="">
        <citation-ref xmlns="">Citation_1</citation-ref>
      </citations>
      <description xmlns="">Dude got dragged like a horse and how has a body burn.</description>
      <severity-range xmlns="">
        <numeric-range xmlns="">
          <min xmlns="">0</min>
          <max xmlns="">1</max>
        </numeric-range>
      </severity-range>
    </trauma>
    <trauma xmlns="">
      <id xmlns="">Injury_3</id>
      <common-name xmlns="">Bruse</common-name>
      <medical-name xmlns="">Subdurmal Cotusion</medical-name>
      <citations xmlns="">
        <citation-ref xmlns="">Citation_1</citation-ref>
      </citations>
      <description xmlns="">Blood vessel breaks below the skin cause blue, or yellowish discoloration</description>
      <severity-range xmlns="">
        <numeric-range xmlns="">
          <min xmlns="">0</min>
          <max xmlns="">10</max>
        </numeric-range>
      </severity-range>
    </trauma>
  </trauma-definitions>
  <treatment-plans xmlns="">
    <treatment-plan xmlns="">
      <id xmlns="">Treatment_1</id>
      <common-name xmlns="">New Treatment 1</common-name>
      <medical-name xmlns="">New Treatment 1</medical-name>
      <description xmlns="">Description of Treatment 1</description>
      <required-equipment xmlns=""/>
      <references xmlns="">
        <citations xmlns=""/>
        <cpgs xmlns=""/>
      </references>
    </treatment-plan>
  </treatment-plans>
  <trauma-sets xmlns="">
    <trauma-profile xmlns="">
      <id xmlns="">TraumaProfile_1</id>
      <name xmlns="">New InjurySet 1</name>
      <physiology-state xmlns=""/>
      <injuries xmlns=""/>
      <treatments xmlns=""/>
    </trauma-profile>
  </trauma-sets>
  <syllabus xmlns="">
    <learning-objectives xmlns="">
      <objective xmlns="">
        <id xmlns="">Objective_2</id>
        <name xmlns="">Puncture  Trama Treatment</name>
        <description xmlns="">Wound needs to be identified, cleaned, packed and wrapped.</description>
        <references xmlns="">
          <citations xmlns=""/>
          <cpgs xmlns=""/>
        </references>
        <relates-to xmlns="">
          <treatment-plans xmlns=""/>
          <trauma-profiles xmlns=""/>
        </relates-to>
      </objective>
      <objective xmlns="">
        <id xmlns="">Objective_3</id>
        <name xmlns="">Remove Tourniquet</name>
        <description xmlns="">Remove the tourniquet once we have applied TXA and stuck the patient</description>
        <references xmlns="">
          <citations xmlns=""/>
          <cpgs xmlns=""/>
        </references>
        <relates-to xmlns="">
          <treatment-plans xmlns=""/>
          <trauma-profiles xmlns=""/>
        </relates-to>
      </objective>
      <objective xmlns="">
        <id xmlns="">Objective_1</id>
        <name xmlns="">Wound Identification</name>
        <description xmlns="">Find the Wounds .  Treat the Wounds</description>
        <references xmlns="">
          <citations xmlns="">
            <citation-ref xmlns="">Citation_1</citation-ref>
            <citation-ref xmlns="">Citation_2</citation-ref>
          </citations>
          <cpgs xmlns=""/>
        </references>
        <relates-to xmlns="">
          <treatment-plans xmlns=""/>
          <trauma-profiles xmlns=""/>
        </relates-to>
      </objective>
    </learning-objectives>
    <learning-assessments xmlns="">
      <total-points xmlns="">52</total-points>
      <assessment xmlns="">
        <id xmlns="">Assessment_3</id>
        <objective-id xmlns="">Objective_</objective-id>
        <name xmlns="">Patient Lives</name>
        <description xmlns="">Dude has to live its only a gun shot.</description>
        <points-avaiable xmlns="">1</points-avaiable>
        <criteria xmlns="">Unknown Criteria</criteria>
      </assessment>
      <assessment xmlns="">
        <id xmlns="">Assessment_2</id>
        <objective-id xmlns="">Objective_</objective-id>
        <name xmlns="">Tourniquet Removed with in 1 Hour</name>
        <description xmlns="">Prevent Compartment Syndrom</description>
        <points-avaiable xmlns="">50</points-avaiable>
        <criteria xmlns="">1 poitn for each minute less then an hour. Starting after treatment of the wound. 0 Points if surpassing two hours from start of simulation.</criteria>
      </assessment>
      <assessment xmlns="">
        <id xmlns="">Assessment_1</id>
        <objective-id xmlns="">Objective_</objective-id>
        <name xmlns="">Wound Packed Before Bandaging</name>
        <description xmlns="">Order Matters</description>
        <points-avaiable xmlns="">1</points-avaiable>
        <criteria xmlns="">See Title</criteria>
      </assessment>
    </learning-assessments>
  </syllabus>
  <medical-scenario xmlns="">
    <id xmlns="">Medical Scenario 1</id>
    <roles xmlns="">
      <role xmlns="">
        <id xmlns="">Role_3</id>
        <name xmlns="">Doctor</name>
        <short-name xmlns=""/>
        <trauma-profile-ref xmlns=""/>
        <description xmlns="">The Player</description>
      </role>
      <role xmlns="">
        <id xmlns="">Role_1</id>
        <name xmlns="">Nurse</name>
        <short-name xmlns=""/>
        <trauma-profile-ref xmlns=""/>
        <description xmlns="">The Guy who shot the patient</description>
      </role>
      <role xmlns="">
        <id xmlns="">Role_2</id>
        <name xmlns="">Patient</name>
        <short-name xmlns=""/>
        <trauma-profile-ref xmlns=""/>
        <description xmlns="">The Patient</description>
      </role>
    </roles>
    <training-script xmlns="">
      <scene xmlns="">
        <location-id xmlns="">Location_1</location-id>
        <name xmlns="">New Scene 1</name>
        <description xmlns=""/>
        <time-of-day xmlns="">00:00:00</time-of-day>
        <time-in-simulation xmlns="">0</time-in-simulation>
        <events xmlns="">
          <event xmlns="">
            <id xmlns="">Event_1</id>
            <name xmlns="">Patient Arrives</name>
            <category xmlns="">ACTION</category>
            <fidelity xmlns="">HIGH</fidelity>
            <actor_1 xmlns=""/>
            <actor_2 xmlns=""/>
            <equipment xmlns=""/>
            <details xmlns=""/>
            <description xmlns=""/>
          </event>
          <event xmlns="">
            <id xmlns="">Event_2</id>
            <name xmlns="">Doctor Examines Patient</name>
            <category xmlns="">ACTION</category>
            <fidelity xmlns="">HIGH</fidelity>
            <actor_1 xmlns=""/>
            <actor_2 xmlns=""/>
            <equipment xmlns=""/>
            <details xmlns=""/>
            <description xmlns=""/>
          </event>
          <event xmlns="">
            <id xmlns="">Event_3</id>
            <name xmlns="">Doctor Treats Patient for Leg Injury</name>
            <category xmlns="">ACTION</category>
            <fidelity xmlns="">HIGH</fidelity>
            <actor_1 xmlns=""/>
            <actor_2 xmlns=""/>
            <equipment xmlns=""/>
            <details xmlns=""/>
            <description xmlns=""/>
          </event>
          <event xmlns="">
            <id xmlns="">Event_4</id>
            <name xmlns="">Patient Gets a Mild Infection</name>
            <category xmlns="">ACTION</category>
            <fidelity xmlns="">HIGH</fidelity>
            <actor_1 xmlns=""/>
            <actor_2 xmlns=""/>
            <equipment xmlns=""/>
            <details xmlns=""/>
            <description xmlns=""/>
          </event>
          <event xmlns="">
            <id xmlns="">Event_5</id>
            <name xmlns="">Doctor Treats Infection</name>
            <category xmlns="">ACTION</category>
            <fidelity xmlns="">HIGH</fidelity>
            <actor_1 xmlns=""/>
            <actor_2 xmlns=""/>
            <equipment xmlns=""/>
            <details xmlns=""/>
            <description xmlns=""/>
          </event>
        </events>
        <items xmlns=""/>
        <roles xmlns="">
          <role-ref xmlns="">Role_1</role-ref>
          <role-ref xmlns="">Role_2</role-ref>
          <role-ref xmlns="">Role_3</role-ref>
        </roles>
      </scene>
    </training-script>
  </medical-scenario>
  <works-cited xmlns="">
    <citation xmlns="">
      <uuid xmlns="">Citation_1</uuid>
      <key xmlns="">Baird2010</key>
      <authors xmlns="">Baird</authors>
      <authors xmlns="">Tatum</authors>
      <authors xmlns="">McDaniel</authors>
      <title xmlns="">A Medical Textbook on Solving Peoples Problems.</title>
      <date xmlns="">2010</date>
    </citation>
    <citation xmlns="">
      <uuid xmlns="">Citation_2</uuid>
      <key xmlns="">BigArmy2018</key>
      <authors xmlns="">U.S Army Core</authors>
      <title xmlns="">Bullet Trama Guide</title>
      <date xmlns="">2018</date>
    </citation>
  </works-cited>
  <maps xmlns="">
    <citation_maps xmlns=""/>
    <event_maps xmlns="">(1,1)(1,2)(1,3)(1,4)(1,5)</event_maps>
    <equipment_maps xmlns=""/>
    <location_maps xmlns=""/>
    <role_maps xmlns="">(1,1)(1,2)(1,3)</role_maps>
  </maps>
</Scenario>
