<?xml version="1.0" encoding="UTF-8" standalone="no" ?>
<MilitaryScenario xmlns="urn:sisostds:scenario:military:data:draft:msdl:1" xmlns:xsi="http://www.w3.org/2001/XMLSchema-instance" xsi:schemaLocation="urn:sisostds:scenario:military:data:draft:msdl:1 military_scenario_1.0.0.xsd">
  <ScenarioID xmlns="" xmlns:p1="http://www.sisostds.org/schemas/modelID">
    <p1:name>PFC: Sustain Role 2 Scenario</p1:name>
    <p1:type>Medical Prolonged Field Care</p1:type>
    <p1:version>0.2</p1:version>
    <p1:modificationDate/>
    <p1:securityClassification>UnClassified</p1:securityClassification>
    <p1:description>This Prolonged Field Care Scenario describes the treatment of a IUD victim. The patient has received blunt force trauma to the head and chest. Additionally has a chest wound which will lead the a Tension Pneumothorax.  Patient has seeveral 2nd degree burns on the body and peppering from sharpnel.</p1:description>
  </ScenarioID>
  <Options xmlns="">
    <MSDLVersion xmlns=""/>
  </Options>
  <ForceSides xmlns=""/>
</MilitaryScenario>
